type,return,profit,hold_days
AI,0.11281917564551547,33212.0,120
AI,0.05614262262000702,35133.0,120
AI,-0.1367250551656406,-130978.43000000005,16
AI,0.35897364372582574,300102.44000000006,120
