type,return,profit,hold_days
AI_S2,0.11281917564551547,5244.0,120
AI_S2,0.05614262262000702,2509.5,120
AI_S2,-0.1367250551656406,-6092.020000000004,16
AI_S2,0.35897364372582574,13641.020000000004,120
AI_S2,0.33049393279761086,12908.279999999999,120
AI_S2,0.3994548763026322,15449.900000000001,120
AI_S2,0.4076760902148644,15813.779999999999,120
AI_S2,0.4091457223309709,15634.439999999995,120
AI_S2,0.3888444198676724,15273.14,120
AI_S2,0.3738610648864047,14859.279999999999,120
